{"schemaVersion":"1.0","appDefinitionTemplate":{"id":"/providers/Microsoft.PowerApps/apps/","type":"Microsoft.PowerApps/apps","tags":{"primaryDeviceWidth":"640","primaryDeviceHeight":"1136","supportsPortrait":"true","supportsLandscape":"true","primaryFormFactor":"Phone","showStatusBar":"false","publisherVersion":"3.25022.11","minimumRequiredApiVersion":"2.2.0","hasComponent":"true","hasUnlockedComponent":"true","isUnifiedRootApp":"false","sienaVersion":"20250301T044414Z-3.25022.11.0"},"properties":{"appVersion":"2025-03-01T04:44:14Z","lifeCycleId":"Published","createdByClientVersion":{"major":3,"minor":25022,"build":11,"revision":0,"majorRevision":0,"minorRevision":0},"minClientVersion":{"major":3,"minor":25022,"build":11,"revision":0,"majorRevision":0,"minorRevision":0},"backgroundColor":"rgba(255, 255, 255, 1)","backgroundImageUri":"/640351544277968374/N6707a0f9-d5ed-49a6-b278-ec1e72c6f9f0-logoSmallFile","displayName":"Eagle Buddy","description":"A University community guide","commitMessage":"","appUris":{"documentUri":{"value":"/640351544277968374/N8bc32066-3555-4ff6-b34c-e16470041a93-document.msapp"},"imageUris":[],"additionalUris":[{"isSolutionAware":false,"value":"/640351544277968374/Ndf4fdfcf-ca9f-47af-8236-cf7dd2394612-identity.json"}]},"createdTime":"0001-01-01T00:00:00Z","lastModifiedTime":"0001-01-01T00:00:00Z","sharedGroupsCount":0,"sharedUsersCount":0,"connectionReferences":{"18c4d3f6-a97f-4d4c-a62a-69b49989e035":{"id":"6557801d-b617-4de5-81be-f902f4b4df3b","displayName":"Microsoft Copilot Studio (Preview)","iconUri":"https://conn-afd-prod-endpoint-bmc9bqahasf3grgk.b01.azurefd.net/releases/v1.0.1727/1.0.1727.4019/microsoftcopilotstudio/icon.png","dataSources":["MicrosoftCopilotStudio(Preview)"],"dependencies":[],"dependents":[],"parameterHints":{},"parameterHintsV2":{},"isOnPremiseConnection":false,"bypassConsent":false,"dataSets":{},"apiTier":"Standard","isCustomApiConnection":false},"506bd9af-f474-490b-b78e-d6e4b11c85c4":{"id":"6557801d-b617-4de5-81be-f902f4b4df3b","displayName":"Microsoft Copilot Studio (Preview)","iconUri":"https://conn-afd-prod-endpoint-bmc9bqahasf3grgk.b01.azurefd.net/releases/v1.0.1727/1.0.1727.4019/microsoftcopilotstudio/icon.png","dataSources":["MicrosoftCopilotStudio(Preview)_1"],"dependencies":[],"dependents":[],"parameterHints":{},"parameterHintsV2":{},"isOnPremiseConnection":false,"bypassConsent":false,"dataSets":{},"apiTier":"Standard","isCustomApiConnection":false}},"databaseReferences":{"default.cds":{"databaseDetails":{"referenceType":"Environmental","environmentName":"default.cds","overrideValues":{"status":"NotSpecified","environmentVariableName":""}},"dataSources":{"Faculty Records":{"entitySetName":"crcd1_facultyrecords","logicalName":"crcd1_facultyrecord","isHidden":false},"Staff Record":{"entitySetName":"crcd1_staffrecords","logicalName":"crcd1_staffrecord","isHidden":false},"Student Record":{"entitySetName":"crcd1_studentrecords","logicalName":"crcd1_studentrecord","isHidden":false},"Department Record":{"entitySetName":"crcd1_departmentrecords","logicalName":"crcd1_departmentrecord","isHidden":false},"AIModel":{"entitySetName":"AIModel","logicalName":"msdyn_aimodel","isHidden":false},"Organization":{"entitySetName":"Organization","logicalName":"organization","isHidden":false},"43b0dc67-68af-47ae-9a9c-9e69d396ba3e":{"entitySetName":"msdyn_aimodels","logicalName":"msdyn_aimodel","isHidden":false},"aaecc619-18c9-476b-9b00-1226535c6d87":{"entitySetName":"organizations","logicalName":"organization","isHidden":false}}}},"almMode":"Environment","performanceOptimizationEnabled":true,"canConsumeAppPass":false,"enableModernRuntimeMode":false,"executionRestrictions":{"isTeamsOnly":false,"dataLossPreventionEvaluationResult":{"status":"Compliant","lastEvaluationDate":"2025-02-28T21:18:43.6500032Z","violations":[],"violationsByPolicy":[],"violationErrorMessage":"The app uses the following connectors: shared_microsoftcopilotstudio, shared_commondataservice."}}},"isAppComponentLibrary":false,"appType":"ClassicCanvasApp","appComponents":[]}}